52,佐藤 結愛
21,高橋 樹
151,山本 大和
196,清水 海翔
87,加藤 陸斗
150,林 美咲
1,渡辺 陽菜
140,井上 結衣
97,山本 美羽
48,林 海翔
22,山田 海翔
155,山田 結愛
188,田中 太一
91,林 大和
30,木村 結愛
69,松本 太一
12,加藤 陽翔
6,井上 杏
12,加藤 蓮
86,山口 樹
21,吉田 結衣
3,吉田 大翔
232,伊藤 陽翔
340,吉田 愛菜
16,加藤 結愛
22,井上 大翔
107,中村 陽翔
137,佐藤 大和
97,伊藤 大和
147,伊藤 莉子
273,田中 大翔
91,斎藤 海翔
33,佐々木 結菜
205,林 結愛
137,清水 颯太
34,鈴木 大和
109,佐藤 美咲
48,佐々木 太一
110,鈴木 蒼空
48,木村 翼
31,鈴木 陽菜
190,佐藤 心愛
5,鈴木 翼
153,斎藤 愛菜
90,山田 陽翔
61,加藤 翼
5,高橋 樹
383,佐藤 陽菜
247,鈴木 陽翔
155,高橋 美羽
45,斎藤 結衣
36,斎藤 海翔
145,佐藤 翼
29,吉田 美咲
26,佐藤 美羽
21,林 心愛
68,佐藤 愛菜
0,田中 結愛
108,井上 結衣
57,山田 愛菜
40,清水 蓮
40,佐藤 結菜
4,佐々木 心愛
284,松本 大和
379,高橋 心愛
2,山田 太一
20,松本 結菜
23,松本 結愛
488,井上 結愛
74,山本 陽菜
84,中村 颯太
289,井上 陸斗
139,小林 翼
41,田中 心愛
36,鈴木 大翔
31,山口 陸斗
82,佐々木 陽菜
37,井上 結衣
28,加藤 陽翔
34,山本 美羽
53,井上 莉子
91,山本 翼
7,松本 颯太
164,中村 樹
136,山本 心愛
113,伊藤 結愛
90,林 蒼空
2,鈴木 心愛
455,林 愛菜
125,清水 大和
0,中村 陽菜
45,木村 颯太
106,佐々木 陽
18,田中 美咲
19,加藤 心愛
228,清水 美咲
4,中村 愛菜
61,佐藤 陸斗
165,木村 蒼空
6,井上 陸斗
